{
	"Ahmadnagar": [0.005,0.7388888888888888,0.2979671578, 0.2979671578, 0.2979671578],
	"Akola": [0.005,0.7388888888888888,0.2979671578, 0.2979671578, 0.2979671578],
	"Amravati": [0.005,0.7388888888888888,0.2979671578, 0.2979671578, 0.2979671578],
	"Aurangabad": [0.005,0.7388888888888888,0.2979671578, 0.2979671578, 0.2979671578],
	"Bhandara": [0.005,0.7388888888888888,0.2979671578, 0.2979671578, 0.2979671578],
	"Bid": [0.005,0.7388888888888888,0.2979671578, 0.2979671578, 0.2979671578],
	"Buldana": [0.005,0.7388888888888888,0.2979671578, 0.2979671578, 0.2979671578],
	"Chandrapur": [0.005,0.7388888888888888,0.2979671578, 0.2979671578, 0.2979671578],
	"Dhule": [0.005,0.7388888888888888,0.2979671578, 0.2979671578, 0.2979671578],
	"Garhchiroli": [0.005,0.7388888888888888,0.2979671578, 0.2979671578, 0.2979671578],
	"Gondiya": [0.005,0.7388888888888888,0.2979671578, 0.2979671578, 0.2979671578],
	"Hingoli": [0.005,0.7388888888888888,0.2979671578, 0.2979671578, 0.2979671578],
	"Jalgaon": [0.005,0.7388888888888888,0.2979671578, 0.2979671578, 0.2979671578],
	"Jalna": [0.005,0.7388888888888888,0.2979671578, 0.2979671578, 0.2979671578],
	"Kolhapur": [0.005,0.7388888888888888,0.2979671578, 0.2979671578, 0.2979671578],
	"Latur": [0.005,0.7388888888888888,0.2979671578, 0.2979671578, 0.2979671578],
	"MumbaiCity": [0.005,0.7388888888888888,0.2979671578, 0.2979671578, 0.2979671578],
	"MumbaiSuburban": [0.005,0.7388888888888888,0.2979671578, 0.2979671578, 0.2979671578],
	"Nagpur": [0.005,0.7388888888888888,0.2979671578, 0.2979671578, 0.2979671578],
	"Nanded": [0.005,0.7388888888888888,0.2979671578, 0.2979671578, 0.2979671578],
	"Nandurbar": [0.005,0.7388888888888888,0.2979671578, 0.2979671578, 0.2979671578],
	"Nashik": [0.005,0.7388888888888888,0.2979671578, 0.2979671578, 0.2979671578],
	"Osmanabad": [0.005,0.7388888888888888,0.2979671578, 0.2979671578, 0.2979671578],
	"Palghar": [0.005,0.7388888888888888,0.2979671578, 0.2979671578, 0.2979671578],
	"Parbhani" : [0.005,0.7388888888888888,0.2979671578, 0.2979671578, 0.2979671578],
	"Pune": [0.005,0.7388888888888888,0.2979671578, 0.2979671578, 0.2979671578],
	"Raigarh": [0.005,0.7388888888888888,0.2979671578, 0.2979671578, 0.2979671578],
	"Ratnagiri": [0.005,0.7388888888888888,0.2979671578, 0.2979671578, 0.2979671578],
	"Sangli": [0.005,0.7388888888888888,0.2979671578, 0.2979671578, 0.2979671578],
	"Satara": [0.005,0.7388888888888888,0.2979671578, 0.2979671578, 0.2979671578],
	"Sindhudurg": [0.005,0.7388888888888888,0.2979671578, 0.2979671578, 0.2979671578],
	"Solapur": [0.005,0.7388888888888888,0.2979671578, 0.2979671578, 0.2979671578],
	"Thane": [0.005,0.7388888888888888,0.2979671578, 0.2979671578, 0.2979671578],
	"Wardha": [0.005,0.7388888888888888,0.2979671578, 0.2979671578, 0.2979671578],
	"Washim": [0.005,0.7388888888888888,0.2979671578, 0.2979671578, 0.2979671578],
	"Yavatmal": [0.005,0.7388888888888888,0.2979671578, 0.2979671578, 0.2979671578]
}
