{
	"ANDAMAN&NICOBARISLANDS" : [0.0232143, 0.407143] ,
	"ANDHRAPRADESH" : [0.025, 0.2],
	"ARUNACHALPRADESH" : [0.0232143, 0.407143] ,
	"ASSAM" : [0.0232143, 0.407143] ,
	"BIHAR" : [0.0275, 0.1],
	"CHANDIGARH" : [0.0232143, 0.407143] ,
	"CHHATTISGARH" : [0.0232143, 0.407143] ,
	"DADRA&NAGARHAVELI" : [0.0232143, 0.407143] ,
	"DAMAN&DIU" : [0.0232143, 0.407143] ,
	"GOA" : [0.0232143, 0.407143] ,
	"GUJARAT" : [0.0232143, 0.407143] ,
	"HARYANA" : [0.0232143, 0.407143] ,
	"HIMACHALPRADESH" : [0.0232143, 0.407143] ,
	"JAMMU&KASHMIR" : [0.0232143, 0.407143] ,
	"JHARKHAND" : [0.03, 0.6],
	"KARNATAKA" : [0.0232143, 0.407143] ,
	"KERALA" : [0.0232143, 0.407143] ,
	"LAKSHADWEEP" : [0.0232143, 0.407143] ,
	"MADHYAPRADESH" : [0.0275, 0.25],
	"MAHARASHTRA" : [0.015, 0.9],
	"MANIPUR" : [0.0232143, 0.407143] ,
	"MEGHALAYA" : [0.0232143, 0.407143] ,
	"MIZORAM" : [0.0232143, 0.407143] ,
	"NAGALAND" : [0.0232143, 0.407143] ,
	"NCTOFDELHI" : [0.0232143, 0.407143] ,
	"ODISHA" : [0.015, 0.55],
	"PUDUCHERRY" : [0.0232143, 0.407143] ,
	"PUNJAB" : [0.0232143, 0.407143] ,
	"RAJASTHAN" : [0.0232143, 0.407143] ,
	"SIKKIM" : [0.0232143, 0.407143] ,
	"TAMILNADU" : [0.0232143, 0.407143],
	"TRIPURA" : [0.0232143, 0.407143] ,
	"UTTARAKHAND" : [0.0232143, 0.407143] ,
	"UTTARPRADESH" : [0.0232143, 0.407143] ,
	"WESTBENGAL" : [0.0225, 0.25]
	
}
