{
	"Bagalkot":[0.01,0.8,0.144089049,0.144089049,0.144089049],
	"BangaloreRural":[0.01,0.8,0.144089049,0.144089049,0.144089049],
	"Bangalore":[0.01,0.8,0.144089049,0.144089049,0.144089049],
	"Belgaum":[0.01,0.8,0.144089049,0.144089049,0.144089049],
	"Bellary":[0.01,0.8,0.144089049,0.144089049,0.144089049],
	"Bidar":[0.01,0.8,0.144089049,0.144089049,0.144089049],
	"Bijapur":[0.01,0.8,0.144089049,0.144089049,0.144089049],
	"Chamrajnagar":[0.01,0.8,0.144089049,0.144089049,0.144089049],
	"Chikballapura":[0.01,0.8,0.144089049,0.144089049,0.144089049],
	"Chikmagalur":[0.01,0.8,0.144089049,0.144089049,0.144089049],
	"Chitradurga":[0.01,0.8,0.144089049,0.144089049,0.144089049],
	"DakshinaKannada":[0.01,0.8,0.144089049,0.144089049,0.144089049],
	"Davanagere":[0.01,0.8,0.144089049,0.144089049,0.144089049],
	"Dharwad":[0.01,0.8,0.144089049,0.144089049,0.144089049],
	"Gadag":[0.01,0.8,0.144089049,0.144089049,0.144089049],
	"Gulbarga":[0.01,0.8,0.144089049,0.144089049,0.144089049],
	"Hassan":[0.01,0.8,0.144089049,0.144089049,0.144089049],
	"Haveri":[0.01,0.8,0.144089049,0.144089049,0.144089049],
	"Kodagu":[0.01,0.8,0.144089049,0.144089049,0.144089049],
	"Kolar":[0.01,0.8,0.144089049,0.144089049,0.144089049],
	"Koppal":[0.01,0.8,0.144089049,0.144089049,0.144089049],
	"Mandya":[0.01,0.8,0.144089049,0.144089049,0.144089049],
	"Mysore":[0.01,0.8,0.144089049,0.144089049,0.144089049],
	"Raichur":[0.01,0.8,0.144089049,0.144089049,0.144089049],
	"Ramanagara":[0.01,0.8,0.144089049,0.144089049,0.144089049],
	"Shimoga":[0.01,0.8,0.144089049,0.144089049,0.144089049],
	"Tumkur":[0.01,0.8,0.144089049,0.144089049,0.144089049],
	"Udupi":[0.01,0.8,0.144089049,0.144089049,0.144089049],
	"UttaraKannada":[0.01,0.8,0.144089049,0.144089049,0.144089049],
	"Yadgir":[0.01,0.8,0.144089049,0.144089049,0.144089049]
}
